gid_1,name_1,Population,GDP,GDP_per_capita,Cells,year
LKA.10_1,Kalutara,1.8439786997252376,22303.88325801449,12095.521093241416,4.0,2012
LKA.11_1,Kandy,0.20714207079707453,2073.8478929161734,10011.717489045506,2.0,2012
LKA.12_1,Kegalle,1.9643469850093072,23145.519904653767,11782.806236009319,3.0,2012
LKA.13_1,Kilinochchi,0.3190000534982232,4318.764217435401,13538.443552202905,4.0,2012
LKA.14_1,Kurunegala,1.2491519764934438,13184.91748795507,10555.094765143873,6.0,2012
LKA.15_1,Mannar,0.10288231343210799,952.405634881904,9257.23385400345,5.0,2012
LKA.16_1,Matale,0.23902642573050398,2476.8315515322383,10362.166208035931,3.0,2012
LKA.17_1,Matara,0.8348781994134621,10115.03977513775,12115.587378187622,4.0,2012
LKA.18_1,Moneragala,0.5423035112366548,5494.574999385479,10131.918539225006,8.0,2012
LKA.19_1,Mullaitivu,0.13989088416994125,1454.6712558350905,10398.613637096876,4.0,2012
LKA.1_1,Ampara,0.624744929827652,9385.100745951828,15022.291975288044,6.0,2012
LKA.20_1,Nuwara Eliya,0.7088591810052808,8452.757391208608,11924.452158778822,2.0,2012
LKA.21_1,Polonnaruwa,0.374638838452108,3872.457502457382,10336.508404887172,4.0,2012
LKA.22_1,Puttalam,0.8122182620890931,8552.676127484277,10530.021949378584,11.0,2012
LKA.23_1,Ratnapura,1.4615809859673514,16031.122749976359,10968.343802971764,5.0,2012
LKA.24_1,Trincomalee,0.19600332742128004,2806.3835288213127,14318.040238109877,4.0,2012
LKA.25_1,Vavuniya,0.16300893302051317,1637.1400407449835,10043.253522424839,4.0,2012
LKA.2_1,Anuradhapura,0.714356519319714,7339.474002192213,10274.245147481315,9.0,2012
LKA.3_1,Badulla,0.5733390124597673,6089.593273392422,10621.278407807187,3.0,2012
LKA.4_1,Batticaloa,0.22185346220640056,3651.865505670317,16460.710008090013,4.0,2012
LKA.5_1,Colombo,3.5547661372383956,55802.31085663824,15697.885234157651,2.0,2012
LKA.6_1,Galle,1.6887296784619195,21260.11951850504,12589.415458055177,6.0,2012
LKA.7_1,Gampaha,1.6432294612666671,20765.17690827982,12636.809038387852,3.0,2012
LKA.8_1,Hambantota,0.6958258044396702,7265.892086775642,10442.113587073232,8.0,2012
LKA.9_1,Jaffna,0.2937023473182296,3084.9581591541764,10503.689151015167,6.0,2012
LKA.10_1,Kalutara,1.8547347011741055,23145.599024323645,12479.196625626162,4.0,2013
LKA.11_1,Kandy,0.20907843742783255,2153.52025584273,10300.059070347983,2.0,2013
LKA.12_1,Kegalle,1.982826799946349,24050.93950335554,12129.621963958883,3.0,2013
LKA.13_1,Kilinochchi,0.32437906919159304,4444.9817237828465,13703.04728619046,4.0,2013
LKA.14_1,Kurunegala,1.2559585353140885,13665.289355132973,10880.366644998812,6.0,2013
LKA.15_1,Mannar,0.10382172200428244,986.4835915275894,9501.707084832391,5.0,2013
LKA.16_1,Matale,0.2406991347902202,2558.6020050135985,10629.876203101152,3.0,2013
LKA.17_1,Matara,0.842693919295623,10485.792564229825,12443.180523949331,4.0,2013
LKA.18_1,Moneragala,0.5468051243674077,5662.2424853103075,10355.137933026666,8.0,2013
LKA.19_1,Mullaitivu,0.14123738556089271,1494.7888152122555,10583.520852329826,4.0,2013
LKA.1_1,Ampara,0.6325052555781183,9677.812360329965,15300.76196992911,6.0,2013
LKA.20_1,Nuwara Eliya,0.7155221669896779,8780.4065468671,12271.327083838292,2.0,2013
LKA.21_1,Polonnaruwa,0.3766904417337468,3991.416453066565,10596.012032308978,4.0,2013
LKA.22_1,Puttalam,0.819732986992677,8825.525324957738,10766.34155877465,11.0,2013
LKA.23_1,Ratnapura,1.4754928141634394,16650.50274753916,11284.706091218413,5.0,2013
LKA.24_1,Trincomalee,0.19834970860988052,2905.904546592741,14650.409960057725,4.0,2013
LKA.25_1,Vavuniya,0.16422425773041974,1689.4581227606911,10287.506523756068,4.0,2013
LKA.2_1,Anuradhapura,0.7264169109537489,7686.135343280525,10580.887128837647,9.0,2013
LKA.3_1,Badulla,0.5789871604426109,6303.243869896084,10886.672970567299,3.0,2013
LKA.4_1,Batticaloa,0.2228203411478477,3759.8241560721167,16873.792296984975,4.0,2013
LKA.5_1,Colombo,3.588119593697733,58048.00811119052,16177.835380166132,2.0,2013
LKA.6_1,Galle,1.7009527961345825,21990.62381373634,12928.415099884054,6.0,2013
LKA.7_1,Gampaha,1.6586573248767313,21473.42101509399,12946.267256673924,3.0,2013
LKA.8_1,Hambantota,0.7019628799303937,7494.417068795692,10676.37233116776,8.0,2013
LKA.9_1,Jaffna,0.29615753194599564,3198.4049460894666,10799.67450117965,6.0,2013
LKA.10_1,Kalutara,1.8709424199579379,23812.87924085874,12727.745646706806,4.0,2014
LKA.11_1,Kandy,0.21140587628743523,2215.022184766627,10477.580962579304,2.0,2014
LKA.12_1,Kegalle,2.00042250437902,24849.952906403993,12422.352204100018,3.0,2014
LKA.13_1,Kilinochchi,0.32696376126793714,4663.771569341838,14263.879126102953,4.0,2014
LKA.14_1,Kurunegala,1.2682133321618343,14037.021852532293,11068.34433651976,6.0,2014
LKA.15_1,Mannar,0.10474471748948332,1018.147457263613,9720.274985378981,5.0,2014
LKA.16_1,Matale,0.24275130647670617,2640.140915267778,10875.908161265115,3.0,2014
LKA.17_1,Matara,0.8543387501477769,10772.89884832756,12609.633879376473,4.0,2014
LKA.18_1,Moneragala,0.5499636926574716,5810.900300270998,10565.970768346962,8.0,2014
LKA.19_1,Mullaitivu,0.14237769294566188,1521.420770556919,10685.808563688173,4.0,2014
LKA.1_1,Ampara,0.6381594001899514,9802.986853208244,15361.34522235406,6.0,2014
LKA.20_1,Nuwara Eliya,0.7219186705375672,8969.225956991551,12424.150147429677,2.0,2014
LKA.21_1,Polonnaruwa,0.3800578966093748,4135.476358501084,10881.17467205673,4.0,2014
LKA.22_1,Puttalam,0.8259229447942331,9098.380625660098,11016.01630395052,11.0,2014
LKA.23_1,Ratnapura,1.4888332674458842,17058.51390754382,11457.638864295366,5.0,2014
LKA.24_1,Trincomalee,0.20009907997453835,2994.5958949015658,14965.565535246908,4.0,2014
LKA.25_1,Vavuniya,0.16489691535550832,1775.4612637224427,10767.098098194558,4.0,2014
LKA.2_1,Anuradhapura,0.7339171694222978,7910.251001535547,10778.125013429097,9.0,2014
LKA.3_1,Badulla,0.5854209679701614,6489.507253574403,11085.19784673167,3.0,2014
LKA.4_1,Batticaloa,0.22478052106845248,3235.490923708108,14394.000460221387,4.0,2014
LKA.5_1,Colombo,3.619596595578252,59969.66664891567,16568.052562038385,2.0,2014
LKA.6_1,Galle,1.7115013475265928,21876.289173722802,12781.929272412037,6.0,2014
LKA.7_1,Gampaha,1.673517854125467,22496.15573440955,13442.43545352876,3.0,2014
LKA.8_1,Hambantota,0.7082277299778255,7801.5647569092125,11015.616060604516,8.0,2014
LKA.9_1,Jaffna,0.2984815856526282,3264.590101105562,10937.324974227657,6.0,2014
LKA.10_1,Kalutara,1.8876390219786467,25098.572144156577,13296.27744071954,4.0,2015
LKA.11_1,Kandy,0.2126361576945079,2333.694920485277,10975.061559558802,2.0,2015
LKA.12_1,Kegalle,2.018453382239647,26166.83756237961,12963.805749799016,3.0,2015
LKA.13_1,Kilinochchi,0.32986121892380826,4843.909546462618,14684.689404429413,4.0,2015
LKA.14_1,Kurunegala,1.2757651339852885,14866.193435574043,11652.766672760845,6.0,2015
LKA.15_1,Mannar,0.1037839450374307,1084.874276733621,10453.199445659446,5.0,2015
LKA.16_1,Matale,0.24925597151799733,2807.3824055286154,11263.049741321485,3.0,2015
LKA.17_1,Matara,0.8623298296408897,11508.471560302067,13345.78854252865,4.0,2015
LKA.18_1,Moneragala,0.5494453901921721,6097.876709486277,11098.239822074956,8.0,2015
LKA.19_1,Mullaitivu,0.1436316577844938,1617.0685788785584,11258.441236574894,4.0,2015
LKA.1_1,Ampara,0.6451082938607273,10324.206444308787,16003.834615925252,6.0,2015
LKA.20_1,Nuwara Eliya,0.7281393876164857,9583.122008546236,13161.109221018696,2.0,2015
LKA.21_1,Polonnaruwa,0.3784527554644876,4359.265580511449,11518.65197853079,4.0,2015
LKA.22_1,Puttalam,0.8348538296541944,9622.279939595766,11525.706174913781,11.0,2015
LKA.23_1,Ratnapura,1.505594646074639,18124.139567765178,12037.86132942099,5.0,2015
LKA.24_1,Trincomalee,0.2015369521181363,3105.0663993295307,15406.933402016582,4.0,2015
LKA.25_1,Vavuniya,0.164918174538282,1859.3893819515893,11274.617774282811,4.0,2015
LKA.2_1,Anuradhapura,0.7404427082969319,8383.526370222593,11322.31606346056,9.0,2015
LKA.3_1,Badulla,0.5903635426143722,6882.090310756738,11657.37687710189,3.0,2015
LKA.4_1,Batticaloa,0.22720677944871953,3365.524765328842,14812.607147967781,4.0,2015
LKA.5_1,Colombo,3.6581193023206446,63110.12056742471,17252.06734711708,2.0,2015
LKA.6_1,Galle,1.7261021104219445,23173.60479713727,13425.396248123756,6.0,2015
LKA.7_1,Gampaha,1.681368508935026,23370.69711827392,13899.806612339167,3.0,2015
LKA.8_1,Hambantota,0.7138475154001364,8263.72451349101,11576.31613925126,8.0,2015
LKA.9_1,Jaffna,0.3011147842403871,3453.017345369079,11467.445393224043,6.0,2015
LKA.10_1,Kalutara,1.916026725237855,26486.506447740918,13823.662321021586,4.0,2016
LKA.11_1,Kandy,0.21546153921265349,2482.685670649127,11522.639630819669,2.0,2016
LKA.12_1,Kegalle,2.044526957560742,27642.754046620925,13520.366627789826,3.0,2016
LKA.13_1,Kilinochchi,0.32840314623213324,5165.927301909721,15730.4440020747,4.0,2016
LKA.14_1,Kurunegala,1.2852193338102798,15763.800842391935,12265.45573015706,6.0,2016
LKA.15_1,Mannar,0.10393670127466761,1143.9920758932576,11006.622895122433,5.0,2016
LKA.16_1,Matale,0.24355304228437386,2926.8565085082464,12017.326825631819,3.0,2016
LKA.17_1,Matara,0.8709213326884542,12204.281127298435,14013.069457863594,4.0,2016
LKA.18_1,Moneragala,0.5496433672126302,6450.834309805659,11736.399808696584,8.0,2016
LKA.19_1,Mullaitivu,0.1488279234987187,1727.4955833671938,11607.335120697739,4.0,2016
LKA.1_1,Ampara,0.6550857085687979,11086.888521497764,16924.33276512764,6.0,2016
LKA.20_1,Nuwara Eliya,0.738840425772295,10035.892485586619,13583.301800380377,2.0,2016
LKA.21_1,Polonnaruwa,0.3864968788757068,4607.278529219998,11920.609922186846,4.0,2016
LKA.22_1,Puttalam,0.834938911523162,10046.730743599046,12032.893191276713,11.0,2016
LKA.23_1,Ratnapura,1.506502956907059,19195.964284653168,12742.068773674122,5.0,2016
LKA.24_1,Trincomalee,0.2033533821536722,3361.025459543202,16528.003733930065,4.0,2016
LKA.25_1,Vavuniya,0.16323019241832465,1897.0285508759346,11621.799391219545,4.0,2016
LKA.2_1,Anuradhapura,0.7505290290405495,9014.764151084168,12011.213160679916,9.0,2016
LKA.3_1,Badulla,0.5995041317509804,7347.37894958834,12255.760319997702,3.0,2016
LKA.4_1,Batticaloa,0.22919210871360804,3563.903582272643,15549.852925896308,4.0,2016
LKA.5_1,Colombo,3.684599927325924,67532.57868256538,18328.334151484592,2.0,2016
LKA.6_1,Galle,1.7350326666555047,25403.449662546387,14641.482060112883,6.0,2016
LKA.7_1,Gampaha,1.685357911186935,24815.25717361523,14724.028058905758,3.0,2016
LKA.8_1,Hambantota,0.7279278936785131,8763.375921263158,12038.796695890147,8.0,2016
LKA.9_1,Jaffna,0.3036598064164595,3749.755637903558,12348.54122498152,6.0,2016
LKA.10_1,Kalutara,1.9769717139455583,27819.19315075335,14071.61921160367,4.0,2017
LKA.11_1,Kandy,0.21896311537381263,2565.3637608455037,11715.96301261027,2.0,2017
LKA.12_1,Kegalle,2.0623926981455227,28592.827158163105,13863.910197060633,3.0,2017
LKA.13_1,Kilinochchi,0.3327877201339735,5257.707116808132,15798.981749361084,4.0,2017
LKA.14_1,Kurunegala,1.2966454668150287,16341.053775399148,12602.561142281971,6.0,2017
LKA.15_1,Mannar,0.10187028142749334,1148.0885381408232,11270.102742947467,5.0,2017
LKA.16_1,Matale,0.2435999807705105,3013.4399553661897,12370.444143035777,3.0,2017
LKA.17_1,Matara,0.880604938477581,12525.67806907147,14223.94710927499,4.0,2017
LKA.18_1,Moneragala,0.5447694118003227,6485.136883043155,11904.37044108524,8.0,2017
LKA.19_1,Mullaitivu,0.15543195363342527,1843.072838304287,11857.747362881622,4.0,2017
LKA.1_1,Ampara,0.6495968586843117,11313.628405225689,17416.38410650603,6.0,2017
LKA.20_1,Nuwara Eliya,0.748712887088235,10570.931167338287,14118.80488453849,2.0,2017
LKA.21_1,Polonnaruwa,0.38719194244210453,4787.363829851456,12364.316776987926,4.0,2017
LKA.22_1,Puttalam,0.8406631195740669,10418.332368934201,12392.993253008157,11.0,2017
LKA.23_1,Ratnapura,1.5090298933101796,19911.817098749543,13195.111102187218,5.0,2017
LKA.24_1,Trincomalee,0.20408355696749558,3522.3045824092287,17259.129715042287,4.0,2017
LKA.25_1,Vavuniya,0.15337089892132227,1837.3607140959148,11979.852286309297,4.0,2017
LKA.2_1,Anuradhapura,0.7643711348310587,9472.49097899029,12392.528377048016,9.0,2017
LKA.3_1,Badulla,0.6091987443098024,7798.422010978837,12801.113074870393,3.0,2017
LKA.4_1,Batticaloa,0.2536230309471595,4488.2764488936455,17696.643842367554,4.0,2017
LKA.5_1,Colombo,3.6456566115236573,70721.83214897747,19398.928556636645,2.0,2017
LKA.6_1,Galle,1.742005296691713,26198.29183028261,15039.157389496151,6.0,2017
LKA.7_1,Gampaha,1.7266550226415027,25531.114465412873,14786.45944362088,3.0,2017
LKA.8_1,Hambantota,0.7319782764397903,9024.616162483626,12329.076494425113,8.0,2017
LKA.9_1,Jaffna,0.30734744510437195,3924.000291481157,12767.310592572547,6.0,2017
LKA.10_1,Kalutara,1.9823259737852528,28826.50436911091,14541.757889630371,4.0,2018
LKA.11_1,Kandy,0.22170410520250633,2662.8526636258907,12010.8405804828,2.0,2018
LKA.12_1,Kegalle,2.071232920324376,29705.39805960352,14341.891618327192,3.0,2018
LKA.13_1,Kilinochchi,0.33101270930533266,5496.983170363696,16606.56227339347,4.0,2018
LKA.14_1,Kurunegala,1.3230506250872867,17390.6174173582,13144.332565664958,6.0,2018
LKA.15_1,Mannar,0.10075956301872548,1158.5448345351072,11498.112931670808,5.0,2018
LKA.16_1,Matale,0.2515749168606835,3165.682131449326,12583.456931846704,3.0,2018
LKA.17_1,Matara,0.8828104377146406,12824.429009988326,14526.820778407799,4.0,2018
LKA.18_1,Moneragala,0.5602512666921089,6943.343448158197,12393.26684463165,8.0,2018
LKA.19_1,Mullaitivu,0.16151474832306872,2038.7491966407702,12622.681320487072,4.0,2018
LKA.1_1,Ampara,0.6687414220569139,11974.702741676174,17906.327239076054,6.0,2018
LKA.20_1,Nuwara Eliya,0.7599116822956593,10904.955125793742,14350.292777247954,2.0,2018
LKA.21_1,Polonnaruwa,0.3977096065271062,4976.840594188747,12513.755042649558,4.0,2018
LKA.22_1,Puttalam,0.851000816498892,11065.352975060723,13002.752477470895,11.0,2018
LKA.23_1,Ratnapura,1.5543183602737247,21227.44897189992,13657.079215201216,5.0,2018
LKA.24_1,Trincomalee,0.21427029037874587,3613.5280365243902,16864.344702838127,4.0,2018
LKA.25_1,Vavuniya,0.14732282666754037,1851.4761690783375,12567.476547653516,4.0,2018
LKA.2_1,Anuradhapura,0.7933777123124475,10000.964507620814,12605.552629492371,9.0,2018
LKA.3_1,Badulla,0.5983209424962875,7738.9117620165935,12934.382222572147,3.0,2018
LKA.4_1,Batticaloa,0.26226917678258455,4834.578208434884,18433.6499917512,4.0,2018
LKA.5_1,Colombo,3.6771566813908114,71999.26690772311,19580.1466040579,2.0,2018
LKA.6_1,Galle,1.7399347295269854,26926.369270177274,15475.505381456129,6.0,2018
LKA.7_1,Gampaha,1.646973535035907,25563.36178038589,15521.416244146609,3.0,2018
LKA.8_1,Hambantota,0.7539145171387646,9686.262128078288,12847.95810119073,8.0,2018
LKA.9_1,Jaffna,0.30165843430364825,3877.689020507176,12854.568543586316,6.0,2018
LKA.10_1,Kalutara,1.9968830173171137,28529.930978395478,14287.232016588781,4.0,2019
LKA.11_1,Kandy,0.22320058470316384,2645.5836292833687,11852.942199061667,2.0,2019
LKA.12_1,Kegalle,2.085514049547446,29551.253847307577,14169.769728341154,3.0,2019
LKA.13_1,Kilinochchi,0.3334929145772084,5342.130259652844,16018.721916252478,4.0,2019
LKA.14_1,Kurunegala,1.3316332578087173,17240.64499263725,12946.991892503323,6.0,2019
LKA.15_1,Mannar,0.10338299881392142,1164.1085590061243,11260.154690438008,5.0,2019
LKA.16_1,Matale,0.25682421422395324,3207.863175376196,12490.501275627024,3.0,2019
LKA.17_1,Matara,0.889340478204132,12769.24523100995,14358.106421508233,4.0,2019
LKA.18_1,Moneragala,0.5665507567731691,6932.35220731593,12236.065567716552,8.0,2019
LKA.19_1,Mullaitivu,0.1593987403764813,1977.710926196155,12407.318411205959,4.0,2019
LKA.1_1,Ampara,0.6720686381535701,11888.81016853631,17689.87495265279,6.0,2019
LKA.20_1,Nuwara Eliya,0.766171013619998,10850.032525567709,14161.371720790601,2.0,2019
LKA.21_1,Polonnaruwa,0.4008511834007706,4993.507645842262,12457.260581041513,4.0,2019
LKA.22_1,Puttalam,0.851424470446646,10947.753069722865,12858.161175447327,11.0,2019
LKA.23_1,Ratnapura,1.5641052150442096,21106.28187026106,13494.157341368169,5.0,2019
LKA.24_1,Trincomalee,0.20961422083040177,3663.4009832605593,17476.87236461216,4.0,2019
LKA.25_1,Vavuniya,0.15291186320890668,1866.1308883287736,12203.964095181314,4.0,2019
LKA.2_1,Anuradhapura,0.8081460734983446,10087.774302429545,12482.612529144719,9.0,2019
LKA.3_1,Badulla,0.5998321061328425,7633.65119148221,12726.313102339365,3.0,2019
LKA.4_1,Batticaloa,0.2642999007458627,4787.929568016024,18115.51784357215,4.0,2019
LKA.5_1,Colombo,3.704156931464472,71316.1584189613,19253.00675389199,2.0,2019
LKA.6_1,Galle,1.7518474252188005,26667.837353638148,15222.694037014904,6.0,2019
LKA.7_1,Gampaha,1.6577666349877584,25601.071056583325,15443.109130237968,3.0,2019
LKA.8_1,Hambantota,0.7592308465093238,9721.533970686316,12804.450735086051,8.0,2019
LKA.9_1,Jaffna,0.3019044643927837,3754.303180502753,12435.401338147589,6.0,2019
LKA.10_1,Kalutara,2.0020348150408154,25754.811207391936,12864.317350478681,4.0,2020
LKA.11_1,Kandy,0.23438647173677707,2509.4650566081755,10706.526865707416,2.0,2020
LKA.12_1,Kegalle,2.0997047657833785,26176.31248511291,12466.663367002833,3.0,2020
LKA.13_1,Kilinochchi,0.33624064528929853,4744.510621683061,14110.461326294819,4.0,2020
LKA.14_1,Kurunegala,1.3394402305113329,15277.190003539123,11405.652641706183,6.0,2020
LKA.15_1,Mannar,0.10590355424978501,1052.7951173653782,9941.074450459395,5.0,2020
LKA.16_1,Matale,0.2590790476256064,2827.0285942987866,10911.837990018046,3.0,2020
LKA.17_1,Matara,0.8970726665565639,11311.526664720977,12609.376125727425,4.0,2020
LKA.18_1,Moneragala,0.5747022309509526,6156.784089278599,10712.998415007098,8.0,2020
LKA.19_1,Mullaitivu,0.16274310740252812,1755.160105388851,10784.850636086512,4.0,2020
LKA.1_1,Ampara,0.6825368066008561,10554.603395215872,15463.786411431065,6.0,2020
LKA.20_1,Nuwara Eliya,0.7703674004331138,9599.389740106659,12460.794336195582,2.0,2020
LKA.21_1,Polonnaruwa,0.40625869896747757,4402.062681722804,10835.614579849784,4.0,2020
LKA.22_1,Puttalam,0.8568783943533501,9696.270042948947,11315.806428129526,11.0,2020
LKA.23_1,Ratnapura,1.5835672435643797,18737.796947345654,11832.650001757802,5.0,2020
LKA.24_1,Trincomalee,0.21250293497423958,3250.629447054355,15296.868475950267,4.0,2020
LKA.25_1,Vavuniya,0.1558960101991227,1671.2066134326265,10720.00887834159,4.0,2020
LKA.2_1,Anuradhapura,0.818885857104749,8917.581180139265,10889.895218935939,9.0,2020
LKA.3_1,Badulla,0.5935214549692721,6738.438457432741,11353.319077204387,3.0,2020
LKA.4_1,Batticaloa,0.2670192923380341,4320.599301585707,16180.850693424904,4.0,2020
LKA.5_1,Colombo,3.7080870754000275,62687.58238330719,16905.63924433853,2.0,2020
LKA.6_1,Galle,1.75882390489081,23394.931715628227,13301.46335319488,6.0,2020
LKA.7_1,Gampaha,1.6639032921864756,22663.15530197629,13620.476267100506,3.0,2020
LKA.8_1,Hambantota,0.768304624907614,8991.6291765676,11703.20844762429,8.0,2020
LKA.9_1,Jaffna,0.3039464739634354,3323.0084201482623,10932.873728773766,6.0,2020
LKA.10_1,Kalutara,2.0208749992733774,28330.584824111058,14018.969423787992,4.0,2021
LKA.11_1,Kandy,0.23457382515871017,2720.5365695800756,11597.784056850287,2.0,2021
LKA.12_1,Kegalle,2.1135229923277024,28201.683542565836,13343.447714995644,3.0,2021
LKA.13_1,Kilinochchi,0.3401047928515799,5190.762955909561,15262.245828375566,4.0,2021
LKA.14_1,Kurunegala,1.3519080476332648,16606.85131301993,12284.009509443285,6.0,2021
LKA.15_1,Mannar,0.10686188737280217,1157.0923331198899,10827.923421221418,5.0,2021
LKA.16_1,Matale,0.2616256129256504,3092.9143787552002,11821.909728823663,3.0,2021
LKA.17_1,Matara,0.9038430256868754,12456.925886935212,13782.178467846863,4.0,2021
LKA.18_1,Moneragala,0.5787912520328065,6770.893621252975,11698.334412402615,8.0,2021
LKA.19_1,Mullaitivu,0.16292342095776097,1905.1131486132833,11693.304359888178,4.0,2021
LKA.1_1,Ampara,0.6868539383778032,11568.574085498742,16842.8445104663,6.0,2021
LKA.20_1,Nuwara Eliya,0.7782755181473865,10451.585867284582,13429.159241914258,2.0,2021
LKA.21_1,Polonnaruwa,0.406186645504852,4772.740483239951,11750.116691571386,4.0,2021
LKA.22_1,Puttalam,0.8578786541078702,10521.025733320488,12264.002237311255,11.0,2021
LKA.23_1,Ratnapura,1.5857697949031735,20276.5414718331,12786.56053167615,5.0,2021
LKA.24_1,Trincomalee,0.21073817047514784,3459.685488054434,16416.98549557462,4.0,2021
LKA.25_1,Vavuniya,0.1583855893469676,1835.8676465681372,11591.128044776797,4.0,2021
LKA.2_1,Anuradhapura,0.8278504832229903,9751.125777571056,11778.848928864474,9.0,2021
LKA.3_1,Badulla,0.5982581295683843,7314.16264945124,12225.76391018384,3.0,2021
LKA.4_1,Batticaloa,0.26906093557173927,4640.119242919023,17245.607330767034,4.0,2021
LKA.5_1,Colombo,3.723732939690543,68125.30804377416,18294.896316983366,2.0,2021
LKA.6_1,Galle,1.7688865153003401,25507.973471974277,14420.356111790057,6.0,2021
LKA.7_1,Gampaha,1.6769239612497682,24640.39062150312,14693.803172291291,3.0,2021
LKA.8_1,Hambantota,0.7733626930009078,10391.396264258006,13436.640218492941,8.0,2021
LKA.9_1,Jaffna,0.3031781753115924,3598.2383288866154,11868.394963418834,6.0,2021
LKA.10_1,Kalutara,2.0644575283092643,25199.9272291615,12206.561231511298,4.0,2022
LKA.11_1,Kandy,0.24220975620019825,2665.8697439036187,11006.450713323648,2.0,2022
LKA.12_1,Kegalle,2.0952750295875093,26374.847832917207,12587.773662395788,3.0,2022
LKA.13_1,Kilinochchi,0.33937486519318216,4858.999182274225,14317.498673652039,4.0,2022
LKA.14_1,Kurunegala,1.3956244568950162,15642.401325097897,11208.17369444721,6.0,2022
LKA.15_1,Mannar,0.10535252124325051,1082.8268138823942,10278.1290955746,5.0,2022
LKA.16_1,Matale,0.26037908201585847,2841.67545318612,10913.608847476646,3.0,2022
LKA.17_1,Matara,0.9103362427216151,11758.350846492638,12916.492055000379,4.0,2022
LKA.18_1,Moneragala,0.5824706564177242,6356.842563155898,10913.584217703543,8.0,2022
LKA.19_1,Mullaitivu,0.165488707360402,1836.174628788331,11095.467830258061,4.0,2022
LKA.1_1,Ampara,0.6788455730702404,11063.06422564531,16296.87909079229,6.0,2022
LKA.20_1,Nuwara Eliya,0.8149901055162372,9858.304805382939,12096.226369691221,2.0,2022
LKA.21_1,Polonnaruwa,0.4036067966415069,4432.548993300791,10982.34477264734,4.0,2022
LKA.22_1,Puttalam,0.8594978165434651,9829.152584616664,11435.92501973459,11.0,2022
LKA.23_1,Ratnapura,1.5714998602197352,19010.79737538422,12097.231349881273,5.0,2022
LKA.24_1,Trincomalee,0.2251487388672329,3263.7045695746388,14495.771044488061,4.0,2022
LKA.25_1,Vavuniya,0.16129100172723293,1697.2426563672618,10522.860160776678,4.0,2022
LKA.2_1,Anuradhapura,0.8162799033364846,9003.72684528874,11030.195412733627,9.0,2022
LKA.3_1,Badulla,0.6178325283559246,7020.737420399741,11363.495928390472,3.0,2022
LKA.4_1,Batticaloa,0.27576285238099213,4369.595441005465,15845.482461751086,4.0,2022
LKA.5_1,Colombo,3.714742113881192,64005.65768031219,17230.175263347846,2.0,2022
LKA.6_1,Galle,1.7614437460138417,23768.35792825649,13493.679819207644,6.0,2022
LKA.7_1,Gampaha,1.7038749203009456,23290.944849412586,13669.398247436404,3.0,2022
LKA.8_1,Hambantota,0.7682841303779788,9613.225097443297,12512.591002906442,8.0,2022
LKA.9_1,Jaffna,0.30089606682296877,3372.930158749869,11209.618637967513,6.0,2022
